"URL","Common CTAs","Header CTAs","Footer CTAs","Body CTAs","Total CTAs"
"https://www.macys.com/","Order Tracking; Sports Fan Shop; Shop Now; Sports Fan Shop by Lids; Character Shop; Cozy Shop; Shop All; Ray-Ban Shop; Shop All Gifts; Shop New & Trending; Skip to main content We now ship to 200 locations worldwide Details
 Order Tracking  Stores  Gift Registry WomenMenKids & BabyHomeShoesHandbags & AccessoriesJewelrySaleWOMEN'S CLOTHINGAll Women's ClothingContemporary TrendsActive & WorkoutBlazersBras, Underwear & LingerieCashmereCoats & JacketsDressesHoodies & SweatshirtsJeansJumpsuits & RompersMatching SetsPajamas & RobesPantsSkirtsSuits & Suit SeparatesSweatersSwimsuits & Cover-UpsTopsMORE SIZESPlus SizesPetites (5'4"" and under)Juniors & Young Adult ACTIVE & OUTDOORAll ActivewearOutdoor Apparel & ShoesSports Fan ShopDRESSESCocktail & PartyFormal GownsProm DressesJuniors DressesPlus DressesPetite DressesDresses Under $100FEATURED BRANDSAll Women's BrandsAnne KleinBar IIICeCeDonna Karan New YorkFree PeopleI.N.C. International ConceptsKARL LAGERFELD PARISMANGOOn 34thNEW! Polo Ralph LaurenStyle & CoVince CamutoCOMPLETE YOUR LOOKShoesHandbags & WalletsAccessoriesSunglasses by Sunglass HutJewelry & WatchesTights & HosierySocksSHOP BY OCCASIONWeddingEveningWorkVacationToday Only! 40-70% off Coats, Sweaters & MoreNew Arrivals Under $50Sale & Clearance Online, today only!Shop NowMEN'S CLOTHINGAll Men's ClothingActivewear & WorkoutBig & Tall ClothingBlazers & SportcoatsCoats & JacketsDress ShirtsHoodies & SweatshirtsJeansOutdoor Apparel & ShoesPajamas & RobesPantsPolo ShirtsShirts & T-shirtsShortsSuits & TuxedosSweatersSwimwearUnderwear & SocksMEN'S SHOESAll Men's ShoesAthletic Shoes & SneakersBootsCasual ShoesDesigner ShoesDress ShoesLoafers & DriversSlippersDRESS WEARSuits & TuxedosBlazers & SportcoatsDress ShirtsDress PantsTies & Pocket SquaresBelts & SuspendersJewelry & CufflinksFEATURED BRANDSAll Men's BrandsadidasAlfaniClub RoomCole HaanColumbiaHugo BossKenneth ColeNew! Mode of OneNikeUnder ArmourCOMPLETE YOUR LOOKAll AccessoriesBags & BackpacksWalletsWatchesSHOP BY OCCASIONBusiness CasualMLB Season First Pitch GearPromVacationWeddingToday Only! 40-70% off Coats, Sweaters & moreToday Only! 50-70% off BootsSale & ClearanceNEW & TRENDINGSports Fan Shop by LidsOnline, today only!GIRLS'Toddler Girls (2T-5T)Girls (4-16)New ArrivalsAccessories Activewear Coats, Jackets & Outerwear Dresses Jeans & Denim  Pajamas Pants & Leggings  Sets & Outfits  Shirts & Tops Shoes  Shorts  Skirts  Sweaters  Sweatshirts & Hoodies  Swimsuits  Underwear & Socks BOYS'Toddler Boys (2T-5T)Boys (4-20)New Arrivals Accessories  Activewear Coats, Jackets & Outerwear Jeans & Denim Pajamas Pants  Sets & Outfits ShirtsShoes Shorts Suits & Suit Sets Sweaters  Sweatshirts & Hoodies  Swimwear  Underwear & Socks BABYAll BabyNewbornBaby Boy  (0-24 Months)Baby Girl (0-24 Months)AccessoriesBaby ShoesBaby RegistryKids & Baby RoomBABY GEARAll Baby Gear & EssentialsCar Seats Health & SafetyNursery EssentialsNursing & FeedingPlaytime & ActivitiesStrollersSHOP TOYS ""R"" USAll Toys0-12 Months12-24 Months 2-4 Years Old  5-7 Years Old DISCOVERCarter's Character Shop Cozy Shop Finish Line Kids' Shoes  Nike  Ralph Lauren Childrenswear Vacation & Resort WearToday Only! 40-70% off Winter EssentialsSale & ClearanceOnline, today only!BEDDINGAll BeddingSheets & PillowcasesComforters & SetsDuvet Covers & SetsQuilts & BedspreadsBlankets & ThrowsPillowsBedding EssentialsLuxury BeddingBATHAll BathBath TowelsBeach TowelsBath Rugs & Bath MatsBath AccessoriesKITCHENAll KitchenBakewareBlenders & JuicersCookwareCutlery & KnivesKitchen GadgetsFURNITURE & MATTRESSESLUGGAGEAll LuggageDININGAll DiningBarwareDinnerwareDrinkwareFlatwareServewareTable LinensELECTRONICSCLEANING & ORGANIZATIONAll Cleaning & OrganizationFood StorageVacuums & Floor CareOUTDOOR LIVINGAll Outdoor LivingOutdoor Dining & EntertainingWater Bottles & Travel MugsHOME DECORAll Home DécorCurtains & DrapesRugsDecorative PillowsUp to 70% off ClearanceSale & ClearanceShop NowTODAY ONLY! 50-70% OFF WINTER BOOTSShop AllDeals under $29.99NEW & TRENDINGNew ArrivalsTrending: Retro SneakersVacation Shoes for Day to NightWOMEN'S SHOESAll Women's ShoesSandalsSneakers & Athletic ShoesClogsComfort ShoesFlatsHeelsLoafersMules & SlidesBootsAnkle Boots & BootiesSlippersWedding & BridalWedgesWOMEN'S SHOE BRANDSAll Shoe BrandsClarksFranco SartoNaturalizerNikeSam EdelmanSkechersSteve MaddenMEN'S SHOESAll Men's ShoesAthletic Shoes & SneakersBootsCasual ShoesDress ShoesLoafers & DriversDesigner ShoesKIDS' SHOESAll Kids' ShoesBaby ShoesBoys' ShoesGirls' ShoesSale & ClearanceOnline, today only!BRANDSAll BrandsBrahminCalvin KleinDonna Karan New YorkGUESSI.N.C. International ConceptsKARL LAGERFELD PARISkate spade new yorkLauren Ralph LaurenMichael KorsOn 34thPatricia NashRadley LondonUGG®HANDBAGS & WALLETSAll HandbagsAll WalletsDesigner HandbagsBackpacksBelt Bags & Fanny PacksClutches & Evening BagsCrossbody BagsHobo BagsSatchels & Top HandlesShoulder BagsTote BagsWeekenders & DufflesACCESSORIESAll AccessoriesBeltsGlovesHatsPhone Cases & Tech AccessoriesScarves & WrapsWinter AccessoriesSUNGLASSES & EYEWEARSunglasses by Sunglass HutLuxury SunglassesRay-Ban ShopEyeglasses by LensCraftersBook an Optical AppointmentNEW & TRENDINGNew Arrivals: Handbags & PursesTrending: Denim BagsNew: Rebecca Minkoff HandbagsYSL SunglassesToday! 50-70% off Winter AccessoriesHandbags Sale & ClearanceAccessories Sale & ClearanceOnline, today only!NEW & TRENDINGNew ArrivalsNow TrendingSculptural JewelryFebruary BirthstonesJewelry Inspired WatchesJEWELRYAll JewelryBraceletsEarringsNecklacesRingsDiamond JewelryLab Grown DiamondsGold JewelrySilver JewelryMEN'S JEWELRYAll Men's JewelryBraceletsChainsEarringsRingsPendantsWATCHESAll WatchesWatch Gift SetsNew ArrivalsMen's WatchesWomen's WatchesKids' WatchesLuxury WatchesSmart WatchesFEATURED BRANDSAll Jewelry BrandsAll Watch BrandsJEWELRY GIFTSShop All GiftsGifts $50 & UnderGifts $100 & UnderStuds $299 & UnderLuxe GiftsBoxed Jewelry WEDDING JEWELRYAll Wedding JewelryEngagement RingsEngagement Ring GuideSale & ClearanceShop New & TrendingShop NowWOMEN'SAll Women's SaleDressesSwimwearActivewearCoats & JacketsSweatersBras, Underwear & LingeriePlus SizePetitesJuniorsMEN'SAll Men's SaleActivewearJeansPantsShirtsSuits & TuxedosShorts Coats & JacketsMen's AccessoriesKIDS' & TOYSAll Baby SaleAll Girls' SaleAll Boys' SaleSHOESWomen's ShoesMen's ShoesKids' ShoesFinish LineHANDBAGS & ACCESSORIESHandbags & AccessoriesDesigner HandbagsSunglasses by Sunglass HutJEWELRY & WATCHESJewelryWatchesHOMEAll Home SaleHome DécorBed & BathKitchenDiningMattressesLuggageSale & ClearanceSALE & CLEARANCEAll Sale & ClearanceClearance & CloseoutLast ActDeals{
  ""isNavMockHeader"": false,
  ""isNavMockFooter"": false,
  ""version"": ""2.109.0""
}; We now ship to 200 locations worldwide Details
 Order Tracking  Stores  Gift Registry; WOMEN'S CLOTHINGAll Women's ClothingContemporary TrendsActive & WorkoutBlazersBras, Underwear & LingerieCashmereCoats & JacketsDressesHoodies & SweatshirtsJeansJumpsuits & RompersMatching SetsPajamas & RobesPantsSkirtsSuits & Suit SeparatesSweatersSwimsuits & Cover-UpsTopsMORE SIZESPlus SizesPetites (5'4"" and under)Juniors & Young Adult ACTIVE & OUTDOORAll ActivewearOutdoor Apparel & ShoesSports Fan ShopDRESSESCocktail & PartyFormal GownsProm DressesJuniors DressesPlus DressesPetite DressesDresses Under $100FEATURED BRANDSAll Women's BrandsAnne KleinBar IIICeCeDonna Karan New YorkFree PeopleI.N.C. International ConceptsKARL LAGERFELD PARISMANGOOn 34thNEW! Polo Ralph LaurenStyle & CoVince CamutoCOMPLETE YOUR LOOKShoesHandbags & WalletsAccessoriesSunglasses by Sunglass HutJewelry & WatchesTights & HosierySocksSHOP BY OCCASIONWeddingEveningWorkVacationToday Only! 40-70% off Coats, Sweaters & MoreNew Arrivals Under $50Sale & Clearance Online, today only!Shop Now; MEN'S CLOTHINGAll Men's ClothingActivewear & WorkoutBig & Tall ClothingBlazers & SportcoatsCoats & JacketsDress ShirtsHoodies & SweatshirtsJeansOutdoor Apparel & ShoesPajamas & RobesPantsPolo ShirtsShirts & T-shirtsShortsSuits & TuxedosSweatersSwimwearUnderwear & SocksMEN'S SHOESAll Men's ShoesAthletic Shoes & SneakersBootsCasual ShoesDesigner ShoesDress ShoesLoafers & DriversSlippersDRESS WEARSuits & TuxedosBlazers & SportcoatsDress ShirtsDress PantsTies & Pocket SquaresBelts & SuspendersJewelry & CufflinksFEATURED BRANDSAll Men's BrandsadidasAlfaniClub RoomCole HaanColumbiaHugo BossKenneth ColeNew! Mode of OneNikeUnder ArmourCOMPLETE YOUR LOOKAll AccessoriesBags & BackpacksWalletsWatchesSHOP BY OCCASIONBusiness CasualMLB Season First Pitch GearPromVacationWeddingToday Only! 40-70% off Coats, Sweaters & moreToday Only! 50-70% off BootsSale & ClearanceNEW & TRENDINGSports Fan Shop by LidsOnline, today only!; GIRLS'Toddler Girls (2T-5T)Girls (4-16)New ArrivalsAccessories Activewear Coats, Jackets & Outerwear Dresses Jeans & Denim  Pajamas Pants & Leggings  Sets & Outfits  Shirts & Tops Shoes  Shorts  Skirts  Sweaters  Sweatshirts & Hoodies  Swimsuits  Underwear & Socks BOYS'Toddler Boys (2T-5T)Boys (4-20)New Arrivals Accessories  Activewear Coats, Jackets & Outerwear Jeans & Denim Pajamas Pants  Sets & Outfits ShirtsShoes Shorts Suits & Suit Sets Sweaters  Sweatshirts & Hoodies  Swimwear  Underwear & Socks BABYAll BabyNewbornBaby Boy  (0-24 Months)Baby Girl (0-24 Months)AccessoriesBaby ShoesBaby RegistryKids & Baby RoomBABY GEARAll Baby Gear & EssentialsCar Seats Health & SafetyNursery EssentialsNursing & FeedingPlaytime & ActivitiesStrollersSHOP TOYS ""R"" USAll Toys0-12 Months12-24 Months 2-4 Years Old  5-7 Years Old DISCOVERCarter's Character Shop Cozy Shop Finish Line Kids' Shoes  Nike  Ralph Lauren Childrenswear Vacation & Resort WearToday Only! 40-70% off Winter EssentialsSale & ClearanceOnline, today only!","None","None","Order Tracking; Sports Fan Shop; Shop Now; Sports Fan Shop by Lids; Character Shop; Cozy Shop; Shop All; Ray-Ban Shop; Shop All Gifts; Shop New & Trending; Skip to main content We now ship to 200 locations worldwide Details
 Order Tracking  Stores  Gift Registry WomenMenKids & BabyHomeShoesHandbags & AccessoriesJewelrySaleWOMEN'S CLOTHINGAll Women's ClothingContemporary TrendsActive & WorkoutBlazersBras, Underwear & LingerieCashmereCoats & JacketsDressesHoodies & SweatshirtsJeansJumpsuits & RompersMatching SetsPajamas & RobesPantsSkirtsSuits & Suit SeparatesSweatersSwimsuits & Cover-UpsTopsMORE SIZESPlus SizesPetites (5'4"" and under)Juniors & Young Adult ACTIVE & OUTDOORAll ActivewearOutdoor Apparel & ShoesSports Fan ShopDRESSESCocktail & PartyFormal GownsProm DressesJuniors DressesPlus DressesPetite DressesDresses Under $100FEATURED BRANDSAll Women's BrandsAnne KleinBar IIICeCeDonna Karan New YorkFree PeopleI.N.C. International ConceptsKARL LAGERFELD PARISMANGOOn 34thNEW! Polo Ralph LaurenStyle & CoVince CamutoCOMPLETE YOUR LOOKShoesHandbags & WalletsAccessoriesSunglasses by Sunglass HutJewelry & WatchesTights & HosierySocksSHOP BY OCCASIONWeddingEveningWorkVacationToday Only! 40-70% off Coats, Sweaters & MoreNew Arrivals Under $50Sale & Clearance Online, today only!Shop NowMEN'S CLOTHINGAll Men's ClothingActivewear & WorkoutBig & Tall ClothingBlazers & SportcoatsCoats & JacketsDress ShirtsHoodies & SweatshirtsJeansOutdoor Apparel & ShoesPajamas & RobesPantsPolo ShirtsShirts & T-shirtsShortsSuits & TuxedosSweatersSwimwearUnderwear & SocksMEN'S SHOESAll Men's ShoesAthletic Shoes & SneakersBootsCasual ShoesDesigner ShoesDress ShoesLoafers & DriversSlippersDRESS WEARSuits & TuxedosBlazers & SportcoatsDress ShirtsDress PantsTies & Pocket SquaresBelts & SuspendersJewelry & CufflinksFEATURED BRANDSAll Men's BrandsadidasAlfaniClub RoomCole HaanColumbiaHugo BossKenneth ColeNew! Mode of OneNikeUnder ArmourCOMPLETE YOUR LOOKAll AccessoriesBags & BackpacksWalletsWatchesSHOP BY OCCASIONBusiness CasualMLB Season First Pitch GearPromVacationWeddingToday Only! 40-70% off Coats, Sweaters & moreToday Only! 50-70% off BootsSale & ClearanceNEW & TRENDINGSports Fan Shop by LidsOnline, today only!GIRLS'Toddler Girls (2T-5T)Girls (4-16)New ArrivalsAccessories Activewear Coats, Jackets & Outerwear Dresses Jeans & Denim  Pajamas Pants & Leggings  Sets & Outfits  Shirts & Tops Shoes  Shorts  Skirts  Sweaters  Sweatshirts & Hoodies  Swimsuits  Underwear & Socks BOYS'Toddler Boys (2T-5T)Boys (4-20)New Arrivals Accessories  Activewear Coats, Jackets & Outerwear Jeans & Denim Pajamas Pants  Sets & Outfits ShirtsShoes Shorts Suits & Suit Sets Sweaters  Sweatshirts & Hoodies  Swimwear  Underwear & Socks BABYAll BabyNewbornBaby Boy  (0-24 Months)Baby Girl (0-24 Months)AccessoriesBaby ShoesBaby RegistryKids & Baby RoomBABY GEARAll Baby Gear & EssentialsCar Seats Health & SafetyNursery EssentialsNursing & FeedingPlaytime & ActivitiesStrollersSHOP TOYS ""R"" USAll Toys0-12 Months12-24 Months 2-4 Years Old  5-7 Years Old DISCOVERCarter's Character Shop Cozy Shop Finish Line Kids' Shoes  Nike  Ralph Lauren Childrenswear Vacation & Resort WearToday Only! 40-70% off Winter EssentialsSale & ClearanceOnline, today only!BEDDINGAll BeddingSheets & PillowcasesComforters & SetsDuvet Covers & SetsQuilts & BedspreadsBlankets & ThrowsPillowsBedding EssentialsLuxury BeddingBATHAll BathBath TowelsBeach TowelsBath Rugs & Bath MatsBath AccessoriesKITCHENAll KitchenBakewareBlenders & JuicersCookwareCutlery & KnivesKitchen GadgetsFURNITURE & MATTRESSESLUGGAGEAll LuggageDININGAll DiningBarwareDinnerwareDrinkwareFlatwareServewareTable LinensELECTRONICSCLEANING & ORGANIZATIONAll Cleaning & OrganizationFood StorageVacuums & Floor CareOUTDOOR LIVINGAll Outdoor LivingOutdoor Dining & EntertainingWater Bottles & Travel MugsHOME DECORAll Home DécorCurtains & DrapesRugsDecorative PillowsUp to 70% off ClearanceSale & ClearanceShop NowTODAY ONLY! 50-70% OFF WINTER BOOTSShop AllDeals under $29.99NEW & TRENDINGNew ArrivalsTrending: Retro SneakersVacation Shoes for Day to NightWOMEN'S SHOESAll Women's ShoesSandalsSneakers & Athletic ShoesClogsComfort ShoesFlatsHeelsLoafersMules & SlidesBootsAnkle Boots & BootiesSlippersWedding & BridalWedgesWOMEN'S SHOE BRANDSAll Shoe BrandsClarksFranco SartoNaturalizerNikeSam EdelmanSkechersSteve MaddenMEN'S SHOESAll Men's ShoesAthletic Shoes & SneakersBootsCasual ShoesDress ShoesLoafers & DriversDesigner ShoesKIDS' SHOESAll Kids' ShoesBaby ShoesBoys' ShoesGirls' ShoesSale & ClearanceOnline, today only!BRANDSAll BrandsBrahminCalvin KleinDonna Karan New YorkGUESSI.N.C. International ConceptsKARL LAGERFELD PARISkate spade new yorkLauren Ralph LaurenMichael KorsOn 34thPatricia NashRadley LondonUGG®HANDBAGS & WALLETSAll HandbagsAll WalletsDesigner HandbagsBackpacksBelt Bags & Fanny PacksClutches & Evening BagsCrossbody BagsHobo BagsSatchels & Top HandlesShoulder BagsTote BagsWeekenders & DufflesACCESSORIESAll AccessoriesBeltsGlovesHatsPhone Cases & Tech AccessoriesScarves & WrapsWinter AccessoriesSUNGLASSES & EYEWEARSunglasses by Sunglass HutLuxury SunglassesRay-Ban ShopEyeglasses by LensCraftersBook an Optical AppointmentNEW & TRENDINGNew Arrivals: Handbags & PursesTrending: Denim BagsNew: Rebecca Minkoff HandbagsYSL SunglassesToday! 50-70% off Winter AccessoriesHandbags Sale & ClearanceAccessories Sale & ClearanceOnline, today only!NEW & TRENDINGNew ArrivalsNow TrendingSculptural JewelryFebruary BirthstonesJewelry Inspired WatchesJEWELRYAll JewelryBraceletsEarringsNecklacesRingsDiamond JewelryLab Grown DiamondsGold JewelrySilver JewelryMEN'S JEWELRYAll Men's JewelryBraceletsChainsEarringsRingsPendantsWATCHESAll WatchesWatch Gift SetsNew ArrivalsMen's WatchesWomen's WatchesKids' WatchesLuxury WatchesSmart WatchesFEATURED BRANDSAll Jewelry BrandsAll Watch BrandsJEWELRY GIFTSShop All GiftsGifts $50 & UnderGifts $100 & UnderStuds $299 & UnderLuxe GiftsBoxed Jewelry WEDDING JEWELRYAll Wedding JewelryEngagement RingsEngagement Ring GuideSale & ClearanceShop New & TrendingShop NowWOMEN'SAll Women's SaleDressesSwimwearActivewearCoats & JacketsSweatersBras, Underwear & LingeriePlus SizePetitesJuniorsMEN'SAll Men's SaleActivewearJeansPantsShirtsSuits & TuxedosShorts Coats & JacketsMen's AccessoriesKIDS' & TOYSAll Baby SaleAll Girls' SaleAll Boys' SaleSHOESWomen's ShoesMen's ShoesKids' ShoesFinish LineHANDBAGS & ACCESSORIESHandbags & AccessoriesDesigner HandbagsSunglasses by Sunglass HutJEWELRY & WATCHESJewelryWatchesHOMEAll Home SaleHome DécorBed & BathKitchenDiningMattressesLuggageSale & ClearanceSALE & CLEARANCEAll Sale & ClearanceClearance & CloseoutLast ActDeals{
  ""isNavMockHeader"": false,
  ""isNavMockFooter"": false,
  ""version"": ""2.109.0""
}; We now ship to 200 locations worldwide Details
 Order Tracking  Stores  Gift Registry; WOMEN'S CLOTHINGAll Women's ClothingContemporary TrendsActive & WorkoutBlazersBras, Underwear & LingerieCashmereCoats & JacketsDressesHoodies & SweatshirtsJeansJumpsuits & RompersMatching SetsPajamas & RobesPantsSkirtsSuits & Suit SeparatesSweatersSwimsuits & Cover-UpsTopsMORE SIZESPlus SizesPetites (5'4"" and under)Juniors & Young Adult ACTIVE & OUTDOORAll ActivewearOutdoor Apparel & ShoesSports Fan ShopDRESSESCocktail & PartyFormal GownsProm DressesJuniors DressesPlus DressesPetite DressesDresses Under $100FEATURED BRANDSAll Women's BrandsAnne KleinBar IIICeCeDonna Karan New YorkFree PeopleI.N.C. International ConceptsKARL LAGERFELD PARISMANGOOn 34thNEW! Polo Ralph LaurenStyle & CoVince CamutoCOMPLETE YOUR LOOKShoesHandbags & WalletsAccessoriesSunglasses by Sunglass HutJewelry & WatchesTights & HosierySocksSHOP BY OCCASIONWeddingEveningWorkVacationToday Only! 40-70% off Coats, Sweaters & MoreNew Arrivals Under $50Sale & Clearance Online, today only!Shop Now; MEN'S CLOTHINGAll Men's ClothingActivewear & WorkoutBig & Tall ClothingBlazers & SportcoatsCoats & JacketsDress ShirtsHoodies & SweatshirtsJeansOutdoor Apparel & ShoesPajamas & RobesPantsPolo ShirtsShirts & T-shirtsShortsSuits & TuxedosSweatersSwimwearUnderwear & SocksMEN'S SHOESAll Men's ShoesAthletic Shoes & SneakersBootsCasual ShoesDesigner ShoesDress ShoesLoafers & DriversSlippersDRESS WEARSuits & TuxedosBlazers & SportcoatsDress ShirtsDress PantsTies & Pocket SquaresBelts & SuspendersJewelry & CufflinksFEATURED BRANDSAll Men's BrandsadidasAlfaniClub RoomCole HaanColumbiaHugo BossKenneth ColeNew! Mode of OneNikeUnder ArmourCOMPLETE YOUR LOOKAll AccessoriesBags & BackpacksWalletsWatchesSHOP BY OCCASIONBusiness CasualMLB Season First Pitch GearPromVacationWeddingToday Only! 40-70% off Coats, Sweaters & moreToday Only! 50-70% off BootsSale & ClearanceNEW & TRENDINGSports Fan Shop by LidsOnline, today only!; GIRLS'Toddler Girls (2T-5T)Girls (4-16)New ArrivalsAccessories Activewear Coats, Jackets & Outerwear Dresses Jeans & Denim  Pajamas Pants & Leggings  Sets & Outfits  Shirts & Tops Shoes  Shorts  Skirts  Sweaters  Sweatshirts & Hoodies  Swimsuits  Underwear & Socks BOYS'Toddler Boys (2T-5T)Boys (4-20)New Arrivals Accessories  Activewear Coats, Jackets & Outerwear Jeans & Denim Pajamas Pants  Sets & Outfits ShirtsShoes Shorts Suits & Suit Sets Sweaters  Sweatshirts & Hoodies  Swimwear  Underwear & Socks BABYAll BabyNewbornBaby Boy  (0-24 Months)Baby Girl (0-24 Months)AccessoriesBaby ShoesBaby RegistryKids & Baby RoomBABY GEARAll Baby Gear & EssentialsCar Seats Health & SafetyNursery EssentialsNursing & FeedingPlaytime & ActivitiesStrollersSHOP TOYS ""R"" USAll Toys0-12 Months12-24 Months 2-4 Years Old  5-7 Years Old DISCOVERCarter's Character Shop Cozy Shop Finish Line Kids' Shoes  Nike  Ralph Lauren Childrenswear Vacation & Resort WearToday Only! 40-70% off Winter EssentialsSale & ClearanceOnline, today only!","15"
"https://shopping.google.com/","None","None","None","None","0"
"https://www.amazon.com/","None","None","None","None","0"
"https://www.target.com/","Sign up; Save whenyou buy 33/$16
          Save when you buy 3
          3/$16
        12-pk. sodas with same-day delivery or pickup*; From 
$5Gardening toolsDig in & get started on backyard projects.; Shop all; you buy 3; Save when you buy 3
          3/$16; The easiest way  to shop & save; skip to main contentskip to footerTarget Circle™Target Circle™ CardTarget Circle 360™Registry & Wish ListWeekly AdFind StoresCategoriesDealsNew & featuredPickup & deliverysearchSign inHomepageBOGO 
50percent off
swim for all  with  Women’sKids’Men’sSponsored$5Target◎GiftCardwhen you spend $30 on beauty products with 
replay Loading...Loading...Loading...Loading...Loading...Loading...Loading...Loading...Loading...Loading...SponsoredCheck out what’s new & trending for spring.The spring editOur top 4 women’s trends that are having their moment.Fresh facedGlow from the inside out with new skin care essentials.The buzziest trends on socialFrom new styles to top tech, try the viral sensations that are turning heads.New spring style dropFrom work to the weekend, find versatile picks to elevate your wardrobe.It’s the Top Ten most-shared findsCheck out the fave finds filling the feeds.Disney collectionExplore the new Pillowfort™ princess-inspired bedroom set. Online only.Home styles to elevate your spaceFind fresh designs from Hearth & Hand™ with Magnolia. Loading...Loading...Loading...Loading...Loading...Loading...Loading...Loading...Loading...Loading...All things EasterIt’s never too early for cute decor, sweet treats, crafts & more.Loading...Loading...Loading...Loading...Loading...Loading...Loading...Loading...Loading...Loading...Save on, saverUp to30Up to 30% off 
        kitchen & dining items*$20¬GiftCard$20 Target gift cardwhen you spend $100 on select diapers & baby wipes with Up to50Up to 50% off 
        rugs*Up to35Up to 35% off 
        floor care items*Save whenyou buy 33/$16
          Save when you buy 3
          3/$16
        12-pk. sodas with same-day delivery or pickup*BOGO25BOGO 25% off 
        vitamins with Save$5Save $5when you spend $25 on select BookTok books with All the top deals in one place Sunshine season is on the way
Patio Ideas & InspoElevate your outdoor space with picks for any style & budget.  From 
$5Gardening toolsDig in & get started on backyard projects.Celebrate Black History MonthShow love for the culture with meaningful designs & exclusive creations.Loading...Loading...Loading...Loading...Loading...Loading...Loading...Loading...Loading...Loading...Ramadan MubarakCelebrate every moment, from the first suhoor to Eid al-Fitr.St. Patrick’s Day picks full of charmSham-rock & wow with new party decor, clothing styles & more.Loading...Loading...Loading...Loading...Loading...Loading...Loading...Loading...Loading...Loading... Loading...Loading...Loading...Loading...Loading...Loading...Loading...Loading...Loading...Loading...Featured categoriesShop allEasterWomen’sMen’sKids’BabyHomeKitchen & DiningElectronicsVideo GamesAppleToysSports & OutdoorsHealthBeautyHousehold EssentialsGroceryPetsClearance The easiest way  to shop & save Download the Target app &  get more Target in one place. SponsoredGet top deals, latest trends, and more.Email addressSign upPrivacy policyFooter; Target Circle™Target Circle™ CardTarget Circle 360™Registry & Wish ListWeekly AdFind StoresCategoriesDealsNew & featuredPickup & deliverysearchSign inHomepageBOGO 
50percent off
swim for all  with  Women’sKids’Men’sSponsored$5Target◎GiftCardwhen you spend $30 on beauty products with 
replay Loading...Loading...Loading...Loading...Loading...Loading...Loading...Loading...Loading...Loading...SponsoredCheck out what’s new & trending for spring.The spring editOur top 4 women’s trends that are having their moment.Fresh facedGlow from the inside out with new skin care essentials.The buzziest trends on socialFrom new styles to top tech, try the viral sensations that are turning heads.New spring style dropFrom work to the weekend, find versatile picks to elevate your wardrobe.It’s the Top Ten most-shared findsCheck out the fave finds filling the feeds.Disney collectionExplore the new Pillowfort™ princess-inspired bedroom set. Online only.Home styles to elevate your spaceFind fresh designs from Hearth & Hand™ with Magnolia. Loading...Loading...Loading...Loading...Loading...Loading...Loading...Loading...Loading...Loading...All things EasterIt’s never too early for cute decor, sweet treats, crafts & more.Loading...Loading...Loading...Loading...Loading...Loading...Loading...Loading...Loading...Loading...Save on, saverUp to30Up to 30% off 
        kitchen & dining items*$20¬GiftCard$20 Target gift cardwhen you spend $100 on select diapers & baby wipes with Up to50Up to 50% off 
        rugs*Up to35Up to 35% off 
        floor care items*Save whenyou buy 33/$16
          Save when you buy 3
          3/$16
        12-pk. sodas with same-day delivery or pickup*BOGO25BOGO 25% off 
        vitamins with Save$5Save $5when you spend $25 on select BookTok books with All the top deals in one place Sunshine season is on the way
Patio Ideas & InspoElevate your outdoor space with picks for any style & budget.  From 
$5Gardening toolsDig in & get started on backyard projects.Celebrate Black History MonthShow love for the culture with meaningful designs & exclusive creations.Loading...Loading...Loading...Loading...Loading...Loading...Loading...Loading...Loading...Loading...Ramadan MubarakCelebrate every moment, from the first suhoor to Eid al-Fitr.St. Patrick’s Day picks full of charmSham-rock & wow with new party decor, clothing styles & more.Loading...Loading...Loading...Loading...Loading...Loading...Loading...Loading...Loading...Loading... Loading...Loading...Loading...Loading...Loading...Loading...Loading...Loading...Loading...Loading...Featured categoriesShop allEasterWomen’sMen’sKids’BabyHomeKitchen & DiningElectronicsVideo GamesAppleToysSports & OutdoorsHealthBeautyHousehold EssentialsGroceryPetsClearance The easiest way  to shop & save Download the Target app &  get more Target in one place. SponsoredGet top deals, latest trends, and more.Email addressSign upPrivacy policyFooter; HomepageBOGO 
50percent off
swim for all  with  Women’sKids’Men’sSponsored$5Target◎GiftCardwhen you spend $30 on beauty products with 
replay Loading...Loading...Loading...Loading...Loading...Loading...Loading...Loading...Loading...Loading...SponsoredCheck out what’s new & trending for spring.The spring editOur top 4 women’s trends that are having their moment.Fresh facedGlow from the inside out with new skin care essentials.The buzziest trends on socialFrom new styles to top tech, try the viral sensations that are turning heads.New spring style dropFrom work to the weekend, find versatile picks to elevate your wardrobe.It’s the Top Ten most-shared findsCheck out the fave finds filling the feeds.Disney collectionExplore the new Pillowfort™ princess-inspired bedroom set. Online only.Home styles to elevate your spaceFind fresh designs from Hearth & Hand™ with Magnolia. Loading...Loading...Loading...Loading...Loading...Loading...Loading...Loading...Loading...Loading...All things EasterIt’s never too early for cute decor, sweet treats, crafts & more.Loading...Loading...Loading...Loading...Loading...Loading...Loading...Loading...Loading...Loading...Save on, saverUp to30Up to 30% off 
        kitchen & dining items*$20¬GiftCard$20 Target gift cardwhen you spend $100 on select diapers & baby wipes with Up to50Up to 50% off 
        rugs*Up to35Up to 35% off 
        floor care items*Save whenyou buy 33/$16
          Save when you buy 3
          3/$16
        12-pk. sodas with same-day delivery or pickup*BOGO25BOGO 25% off 
        vitamins with Save$5Save $5when you spend $25 on select BookTok books with All the top deals in one place Sunshine season is on the way
Patio Ideas & InspoElevate your outdoor space with picks for any style & budget.  From 
$5Gardening toolsDig in & get started on backyard projects.Celebrate Black History MonthShow love for the culture with meaningful designs & exclusive creations.Loading...Loading...Loading...Loading...Loading...Loading...Loading...Loading...Loading...Loading...Ramadan MubarakCelebrate every moment, from the first suhoor to Eid al-Fitr.St. Patrick’s Day picks full of charmSham-rock & wow with new party decor, clothing styles & more.Loading...Loading...Loading...Loading...Loading...Loading...Loading...Loading...Loading...Loading... Loading...Loading...Loading...Loading...Loading...Loading...Loading...Loading...Loading...Loading...Featured categoriesShop allEasterWomen’sMen’sKids’BabyHomeKitchen & DiningElectronicsVideo GamesAppleToysSports & OutdoorsHealthBeautyHousehold EssentialsGroceryPetsClearance The easiest way  to shop & save Download the Target app &  get more Target in one place. Sponsored; Explore the new Pillowfort™ princess-inspired bedroom set. Online only.; Up to30Up to 30% off 
        kitchen & dining items*$20¬GiftCard$20 Target gift cardwhen you spend $100 on select diapers & baby wipes with Up to50Up to 50% off 
        rugs*Up to35Up to 35% off 
        floor care items*Save whenyou buy 33/$16
          Save when you buy 3
          3/$16
        12-pk. sodas with same-day delivery or pickup*BOGO25BOGO 25% off 
        vitamins with Save$5Save $5when you spend $25 on select BookTok books with All the top deals in one place; Save whenyou buy 33/$16
          Save when you buy 3
          3/$16; Save whenyou buy 33/$16; Sunshine season is on the way
Patio Ideas & InspoElevate your outdoor space with picks for any style & budget.  From 
$5Gardening toolsDig in & get started on backyard projects.; Patio Ideas & InspoElevate your outdoor space with picks for any style & budget.  From 
$5Gardening toolsDig in & get started on backyard projects.; Gardening toolsDig in & get started on backyard projects.; Dig in & get started on backyard projects.; The easiest way  to shop & save Download the Target app &  get more Target in one place.","None","None","Sign up; Save whenyou buy 33/$16
          Save when you buy 3
          3/$16
        12-pk. sodas with same-day delivery or pickup*; From 
$5Gardening toolsDig in & get started on backyard projects.; Shop all; you buy 3; Save when you buy 3
          3/$16; The easiest way  to shop & save; skip to main contentskip to footerTarget Circle™Target Circle™ CardTarget Circle 360™Registry & Wish ListWeekly AdFind StoresCategoriesDealsNew & featuredPickup & deliverysearchSign inHomepageBOGO 
50percent off
swim for all  with  Women’sKids’Men’sSponsored$5Target◎GiftCardwhen you spend $30 on beauty products with 
replay Loading...Loading...Loading...Loading...Loading...Loading...Loading...Loading...Loading...Loading...SponsoredCheck out what’s new & trending for spring.The spring editOur top 4 women’s trends that are having their moment.Fresh facedGlow from the inside out with new skin care essentials.The buzziest trends on socialFrom new styles to top tech, try the viral sensations that are turning heads.New spring style dropFrom work to the weekend, find versatile picks to elevate your wardrobe.It’s the Top Ten most-shared findsCheck out the fave finds filling the feeds.Disney collectionExplore the new Pillowfort™ princess-inspired bedroom set. Online only.Home styles to elevate your spaceFind fresh designs from Hearth & Hand™ with Magnolia. Loading...Loading...Loading...Loading...Loading...Loading...Loading...Loading...Loading...Loading...All things EasterIt’s never too early for cute decor, sweet treats, crafts & more.Loading...Loading...Loading...Loading...Loading...Loading...Loading...Loading...Loading...Loading...Save on, saverUp to30Up to 30% off 
        kitchen & dining items*$20¬GiftCard$20 Target gift cardwhen you spend $100 on select diapers & baby wipes with Up to50Up to 50% off 
        rugs*Up to35Up to 35% off 
        floor care items*Save whenyou buy 33/$16
          Save when you buy 3
          3/$16
        12-pk. sodas with same-day delivery or pickup*BOGO25BOGO 25% off 
        vitamins with Save$5Save $5when you spend $25 on select BookTok books with All the top deals in one place Sunshine season is on the way
Patio Ideas & InspoElevate your outdoor space with picks for any style & budget.  From 
$5Gardening toolsDig in & get started on backyard projects.Celebrate Black History MonthShow love for the culture with meaningful designs & exclusive creations.Loading...Loading...Loading...Loading...Loading...Loading...Loading...Loading...Loading...Loading...Ramadan MubarakCelebrate every moment, from the first suhoor to Eid al-Fitr.St. Patrick’s Day picks full of charmSham-rock & wow with new party decor, clothing styles & more.Loading...Loading...Loading...Loading...Loading...Loading...Loading...Loading...Loading...Loading... Loading...Loading...Loading...Loading...Loading...Loading...Loading...Loading...Loading...Loading...Featured categoriesShop allEasterWomen’sMen’sKids’BabyHomeKitchen & DiningElectronicsVideo GamesAppleToysSports & OutdoorsHealthBeautyHousehold EssentialsGroceryPetsClearance The easiest way  to shop & save Download the Target app &  get more Target in one place. SponsoredGet top deals, latest trends, and more.Email addressSign upPrivacy policyFooter; Target Circle™Target Circle™ CardTarget Circle 360™Registry & Wish ListWeekly AdFind StoresCategoriesDealsNew & featuredPickup & deliverysearchSign inHomepageBOGO 
50percent off
swim for all  with  Women’sKids’Men’sSponsored$5Target◎GiftCardwhen you spend $30 on beauty products with 
replay Loading...Loading...Loading...Loading...Loading...Loading...Loading...Loading...Loading...Loading...SponsoredCheck out what’s new & trending for spring.The spring editOur top 4 women’s trends that are having their moment.Fresh facedGlow from the inside out with new skin care essentials.The buzziest trends on socialFrom new styles to top tech, try the viral sensations that are turning heads.New spring style dropFrom work to the weekend, find versatile picks to elevate your wardrobe.It’s the Top Ten most-shared findsCheck out the fave finds filling the feeds.Disney collectionExplore the new Pillowfort™ princess-inspired bedroom set. Online only.Home styles to elevate your spaceFind fresh designs from Hearth & Hand™ with Magnolia. Loading...Loading...Loading...Loading...Loading...Loading...Loading...Loading...Loading...Loading...All things EasterIt’s never too early for cute decor, sweet treats, crafts & more.Loading...Loading...Loading...Loading...Loading...Loading...Loading...Loading...Loading...Loading...Save on, saverUp to30Up to 30% off 
        kitchen & dining items*$20¬GiftCard$20 Target gift cardwhen you spend $100 on select diapers & baby wipes with Up to50Up to 50% off 
        rugs*Up to35Up to 35% off 
        floor care items*Save whenyou buy 33/$16
          Save when you buy 3
          3/$16
        12-pk. sodas with same-day delivery or pickup*BOGO25BOGO 25% off 
        vitamins with Save$5Save $5when you spend $25 on select BookTok books with All the top deals in one place Sunshine season is on the way
Patio Ideas & InspoElevate your outdoor space with picks for any style & budget.  From 
$5Gardening toolsDig in & get started on backyard projects.Celebrate Black History MonthShow love for the culture with meaningful designs & exclusive creations.Loading...Loading...Loading...Loading...Loading...Loading...Loading...Loading...Loading...Loading...Ramadan MubarakCelebrate every moment, from the first suhoor to Eid al-Fitr.St. Patrick’s Day picks full of charmSham-rock & wow with new party decor, clothing styles & more.Loading...Loading...Loading...Loading...Loading...Loading...Loading...Loading...Loading...Loading... Loading...Loading...Loading...Loading...Loading...Loading...Loading...Loading...Loading...Loading...Featured categoriesShop allEasterWomen’sMen’sKids’BabyHomeKitchen & DiningElectronicsVideo GamesAppleToysSports & OutdoorsHealthBeautyHousehold EssentialsGroceryPetsClearance The easiest way  to shop & save Download the Target app &  get more Target in one place. SponsoredGet top deals, latest trends, and more.Email addressSign upPrivacy policyFooter; HomepageBOGO 
50percent off
swim for all  with  Women’sKids’Men’sSponsored$5Target◎GiftCardwhen you spend $30 on beauty products with 
replay Loading...Loading...Loading...Loading...Loading...Loading...Loading...Loading...Loading...Loading...SponsoredCheck out what’s new & trending for spring.The spring editOur top 4 women’s trends that are having their moment.Fresh facedGlow from the inside out with new skin care essentials.The buzziest trends on socialFrom new styles to top tech, try the viral sensations that are turning heads.New spring style dropFrom work to the weekend, find versatile picks to elevate your wardrobe.It’s the Top Ten most-shared findsCheck out the fave finds filling the feeds.Disney collectionExplore the new Pillowfort™ princess-inspired bedroom set. Online only.Home styles to elevate your spaceFind fresh designs from Hearth & Hand™ with Magnolia. Loading...Loading...Loading...Loading...Loading...Loading...Loading...Loading...Loading...Loading...All things EasterIt’s never too early for cute decor, sweet treats, crafts & more.Loading...Loading...Loading...Loading...Loading...Loading...Loading...Loading...Loading...Loading...Save on, saverUp to30Up to 30% off 
        kitchen & dining items*$20¬GiftCard$20 Target gift cardwhen you spend $100 on select diapers & baby wipes with Up to50Up to 50% off 
        rugs*Up to35Up to 35% off 
        floor care items*Save whenyou buy 33/$16
          Save when you buy 3
          3/$16
        12-pk. sodas with same-day delivery or pickup*BOGO25BOGO 25% off 
        vitamins with Save$5Save $5when you spend $25 on select BookTok books with All the top deals in one place Sunshine season is on the way
Patio Ideas & InspoElevate your outdoor space with picks for any style & budget.  From 
$5Gardening toolsDig in & get started on backyard projects.Celebrate Black History MonthShow love for the culture with meaningful designs & exclusive creations.Loading...Loading...Loading...Loading...Loading...Loading...Loading...Loading...Loading...Loading...Ramadan MubarakCelebrate every moment, from the first suhoor to Eid al-Fitr.St. Patrick’s Day picks full of charmSham-rock & wow with new party decor, clothing styles & more.Loading...Loading...Loading...Loading...Loading...Loading...Loading...Loading...Loading...Loading... Loading...Loading...Loading...Loading...Loading...Loading...Loading...Loading...Loading...Loading...Featured categoriesShop allEasterWomen’sMen’sKids’BabyHomeKitchen & DiningElectronicsVideo GamesAppleToysSports & OutdoorsHealthBeautyHousehold EssentialsGroceryPetsClearance The easiest way  to shop & save Download the Target app &  get more Target in one place. Sponsored; Explore the new Pillowfort™ princess-inspired bedroom set. Online only.; Up to30Up to 30% off 
        kitchen & dining items*$20¬GiftCard$20 Target gift cardwhen you spend $100 on select diapers & baby wipes with Up to50Up to 50% off 
        rugs*Up to35Up to 35% off 
        floor care items*Save whenyou buy 33/$16
          Save when you buy 3
          3/$16
        12-pk. sodas with same-day delivery or pickup*BOGO25BOGO 25% off 
        vitamins with Save$5Save $5when you spend $25 on select BookTok books with All the top deals in one place; Save whenyou buy 33/$16
          Save when you buy 3
          3/$16; Save whenyou buy 33/$16; Sunshine season is on the way
Patio Ideas & InspoElevate your outdoor space with picks for any style & budget.  From 
$5Gardening toolsDig in & get started on backyard projects.; Patio Ideas & InspoElevate your outdoor space with picks for any style & budget.  From 
$5Gardening toolsDig in & get started on backyard projects.; Gardening toolsDig in & get started on backyard projects.; Dig in & get started on backyard projects.; The easiest way  to shop & save Download the Target app &  get more Target in one place.","19"
"https://www.asos.com/","Join; Last chance to buy; The Wedding Shop; Discover Face + Body; DISCOVER TOPSHOP; Shop Vintage; Discover our suits; DISCOVER TOPMAN; Shop All Vintage; SHOP WOMENS; SHOP MENS; SHOP WOMEN'SBRANDS; SHOP MEN'SBRANDS; Track order; Discover the ASOS Credit Card; SHOP by product; SHOP BY BODY FIT; SHOP BY EDIT; SHOP BY PRODUCT; SHOP BY BRAND; SHOP BY TRAINER STYLE; Shop by type; Shop by body fit; SHOP BY BAGS; SHOP BY JEWELLERY; Shop by product; Shop by shade; Shop by edit; Shop By Product; Shop By Brand; Discover brands; Shop by Product; Shop by activity; Shop by brand; Shop by vintage product; Shop Vintage Boutique; Shop by style; SHOP OCCASIONWEAR; Shop by Vintage Product; Shop by boutique; DISCOVER; Skip to main contentyour browser is not supportedTo use ASOS, we recommend using the latest versions of Chrome, Firefox, Safari or EdgeHelp & FAQsWOMENMENSearch for items and brandsSearchSign InJoinMy AccountMy OrdersReturns InformationContact PreferencesNew inNEW PRODUCTSView allClothingShoesNew in: TodayNew In: Selling FastDressesTopsSwimwearCoats & JacketsJumpers & CardigansJeans & TrousersFace + BodyAccessoriesActivewearLingerie & NightwearJeans FitsView allBarrelStraightFlareWide LegMomYour Most HypedView AllTopsDressesKnits & SweatsSkirtsRestocking soonNEW EDITSNew SeasonVejaClothingSHOP by productTop Rated ClothingBestsellersNew inTopsDressesJumpers & CardigansCoats & JacketsCurve & Plus SizeJeansSkirtsLingerie & NightwearTrousers & LeggingsActivewearBlazersBlousesClothing RentalCo-ordsHoodies & SweatshirtsJumpsuits & PlaysuitsLast chance to buyLoungewearMaternityMultipacksPetitePremiumShirtsShortsSocks & TightsSuits & TailoringSwimwear & BeachwearT-Shirts & VestsTallWaistcoatsSHOP BY BODY FITCurve & Plus SizeMaternityPetiteTallHourglassFuller BustSHOP BY EDITWeddingSpring stylesOccasionwearBasicsModest fashionHolidayTrendingTop-searched favesBurgundyWinter sunWesternCow print & mochaOn-duty stylesNew seasonNew SeasonDenimDenim BrandsSpring PreviewSpring PreviewShoesSHOP BY PRODUCTTop Rated ShoesView allNew inTrainersHeelsBootsBallet PumpsFlat ShoesHeeled SandalsFlat SandalsRunning TrainersWide FitSlippersSHOP BY BRANDASOS DESIGNadidasDr MartensCrocsNikeSEQWLSHOP BY TRAINER STYLEadidas Originals Spezialadidas Originals Campusadidas Originals Gazelleadidas Originals Sambaadidas Originals SL 72Converse Chuck TaylorNew Balance 530New Balance 9060Nike V2K RunPuma PalermoDesktop CTAsWhite trainersKnee high bootsRetro TrainersDressesShop by typeThe Dresses DestinationSelling fastView allNew inDay dressesSpring dressesWedding dressesWedding guest dressesBridesmaid dressesOccasion dressesEvening dressesMini dressesMidi dressesMaxi dressesDress RentalTrending nowJumper dressesHoliday dressesWhite dressesBlack dressesDenim dressesYellow dressesShop by body fitCurve & Plus SizeMaternityPetiteTallCTA x 3ASOS DESIGNASOS EDITIONTOPSHOPAccessoriesSHOP BY PRODUCTView allNew inGiftsSelling FastHair AccessoriesSocks & TightsGlovesScarvesHatsWatchesBeltsCapsSunglassesSHOP BY BAGSView allCross Body BagsTote BagsTravel BagsShoulder BagsClutchesSHOP BY JEWELLERYView allEarringsNecklacesRingsBraceletsPlated & Sterling JewellerySHOP BY EDITWinter accessoriesWeddingShop by productWedding DressesBridesmaid DressesWedding ShoesAccessoriesBridal LingerieBeautyShop by shadeGreen DressesPink DressesBlue DressesYellow DressesDesktop CTAThe Wedding ShopShop by editBridal OutfitsWedding Guest DressesHen Do OutfitsFace + BodyShop By ProductTop Rated Face + BodyUp to 40% off Face + Body brandsSelling FastView allNew inGiftsScent DiscoveryFragrancesMakeupSkin careHair careMinisBody careSuncare & TanningWellnessShop By BrandArketCharlotte TilburyCliniqueghdHuda BeautyINNISFREEKylie CosmeticsLaneigeMACMaybellineRevolution SkincareSol de JaneiroThe OrdinaryWella ProfessionalsA-Z of brandsTrending Now24/7 WellnessLove LooksSocial StarsHead HealthCTAs x3Discover Face + BodyDr. Jart+Premium beautyBrandsTop BrandsA-Z of brandsBarbouradidasNikeStradivariusMangoDr MartensReclaimed VintageNew BalanceKaiiaPremium BrandsShipped from our Brand PartnersASOS BrandsView allASOS DESIGNASOS Weekend CollectiveASOS EDITIONCOLLUSIONMiss SelfridgeDiscover brandsNew InOutdoorStreetwearTrainersFace + BodyEmerging BrandsFeaturedPrincess PollyKaiiaActivewearShop by ProductView allNew InTrainersTopsLeggingsSports brasJacketsHoodies & SweatshirtsShortsAccessoriesShop by activitySki & SnowboardGym & TrainingRunningOutdoorsYoga & PilatesShop by editRun ClubStudioShop by brand4505TALATopshopSHOP BY PRODUCTNew inView allBestsellersDressesJeansTailoringDenimCoats & JacketsKnitwearTopsTrousersCo-ordsSkirtsShoesAccessoriesJewellerySwimwearTallPetiteCurveCTASDISCOVER TOPSHOPDressesCTASTopsCoats & jacketsVintageShop by vintage productSALE VintageView allNew inDressesTopsSkirtsJumpers & CardigansHoodies & SweatshirtsCoats & JacketsJeansTrousers & ShortsShop Vintage Boutique28 VintageOld but Gold VintageAtlas VintageMessina HembryRemassChristie's CupboardAll VintageShop VintageLayeringCold WeatherCredit CardCreditCreditCreditGot the card already?Sign in to your accountDownload the appGet in touchNew inNEW PRODUCTSView allClothingShoesNew in: TodayNew In: Selling FastT-Shirts & VestsCoats & JacketsHoodies & SweatshirtsJumpersJeans & TrousersAccessoriesUnderwearActivewearJeans FitsView AllWide FitBaggy FitTaperedStraightSkinnyBRAND DROPSASOS DESIGNadidasNew BalanceNikeCarhartt WIPTopmanNEW EDITSPremium brandsElevated essentialsClothingSHOP BY PRODUCTTop Rated ClothingBestsellersNew inT-Shirts & VestsHoodies & SweatshirtsJackets & CoatsJumpers & CardigansJeansShirtsTrousers & ChinosLoungewearUnderwearActivewearCargo TrousersCo-ordsJoggersLast chance to buyMultipacksPlus SizePolo shirtsPremiumShortsSocksSuits & TailoringSwimwearTallTracksuitsSHOP BY BODY FITPlus SizeTallSHOP BY EDITSpring stylesHolidayBasicsOccasionwearJersey co-ordsWeddingTrendingTop-searched favesGraphic teesBurgundyWinter sunChecksWorkwearNew seasonNew SeasonDenimDenim BrandsSpring PreviewSpring PreviewShoesSHOP BY PRODUCTTop Rated ShoesView allNew inTrainersBootsLoafersSlippersSmart shoesSandalsRunning TrainersSHOP BY BRANDASOS DESIGNNew BalanceNikeadidasCrocsDr MartensSHOP BY TRAINER STYLEadidas Originals Spezialadidas Originals Campusadidas Originals Sambaadidas Originals SL 72New Balance 1906Nike Air Zoom VomeroON CloudnovaConverse Chuck TaylorReebok Club ClassicVans Old SkoolDesktop CTAsBlack trainersChelsea bootsRetro TrainersAccessoriesSHOP BY PRODUCTView allNew inBeltsGiftsSelling FastGlovesWatchesBeaniesScarvesTiesSocksCaps & HatsSunglassesSHOP BY JEWELLERYView allNecklacesRingsBraceletsEarringsStainless SteelSHOP BY BAGSView allWalletsBackpacksDuffle bagsBum bagsShopper bagsCTA1Winter accessoriesBrandsTop BrandsA-Z of brandsBarbourBershkaCalvin KleinCarhartt WIPColumbiaNew BalanceNikePolo Ralph LaurenThe North FaceadidasShipped from our Brand partnersASOS BrandsView allASOS DESIGN4505TopmanCOLLUSIONReclaimed VintageDiscover brandsNew InPremium BrandsOutdoorStreetwearTrainersEmerging BrandsFeaturedPremium BrandsARKETActivewearShop by ProductView allNew InTrainersTopsJoggersShortsJacketsHoodies & SweatshirtsTrousers & TightsAccessoriesShop by activitySki & SnowboardGym & TrainingRunningOutdoorsFootballShop by editRun ClubTrainShop by brand4505NikeTailoringSHOP BY PRODUCTView AllNew InBlazers & Suit JacketsSmart ShirtsWaistcoatsSuit TrousersShop by styleThree Piece SuitsDouble Breasted SuitsOversized SuitsWool & Tweed SuitsSlim Fit SuitsSkinny Fit SuitsSHOP OCCASIONWEARView AllWeddingTuxedo & Black TieWorkwearCTADiscover our suitsGroomingSHOP BY PRODUCTTop Rated Face + BodyUp to 30% off Face + Body brandsNew inView allBody careFragrancesGiftsHair careMakeupShaving & GroomingSkin careSuncare & TanningTools & AccessoriesShop By BrandBulldogCeraVeCliniqueHugo BossL’Oreal Men ExpertLab SeriesMalin + Goetz Murdock LondonRevolution SkincareThe OrdinaryTommy HilfigerA-Z of brandsCTAs (Left)Skin careHair careCTAs (Right)Shaving & GroomingFragrancesTopmanSHOP BY PRODUCTView allNew inHoodies & SweatsJackets & CoatsJeansJoggersJumpers & CardigansMultipacksShirtsShortsSuits & TailoringSwimwearT-Shirts & VestsTrousers & ChinosUnderwear & LoungewearCTASDISCOVER TOPMANKnitwearCTASJackets & CoatsDenimVintageShop by Vintage ProductSALE VintageView allNew inJeansHoodies & SweatshirtsShirtsTrousers & ShortsT-ShirtsJumpers & CardigansCoats & JacketsShop by boutique28 VintageOld but Gold VintageMessina HembryAtlas VintageStaxstoreBread and ButterDISCOVERShop All VintageCTAs Desktop 2Cold WeatherCredit CardCreditCreditCreditGot the card already?Sign in to your accountDownload the appGet in touchASOSAvailable in the Play StoreView in AppGet AppX
ASOS

 











 



 




SHOP WOMENS
SHOP MENS

























































 











 



 



























































 






SHOP WOMEN'SBRANDS





 

















































 






SHOP MEN'SBRANDS





 



 











 



 



















 Women's Bags & Purses


 Women's Gifts


 Women's Partywear


 Skirts


 Women's Tops




 Blouses


 Women's Jeans


 Women's Shirts


 Women's Sportswear


 Women's Trousers




 Women's Coats & Jackets


 Women's Jewellery


 Women's Shoes


 Women's Suits


 Women's Watches




 Dresses


 Women's Loungewear


 Women's Shorts


 Women's Swimwear


 Women's Workwear



 



 











 



 



















 Men's Accessories


 Gifts for Men


 Men's Partywear


 Men's Shorts


 Men's Tracksuits




 Men's Bags


 Men's Jeans


 Men's Plus-Size Clothing


 Men's Suits


 Men's Underwear




 Men's Coats & Jackets


 Men's Jewellery


 Men's Polo Shirts


 Men's Swimwear


 Men's Watches




 Men's Co-ords


 Men's Loungewear


 Men's Shirts


 Men's Tall Clothing


 Men's Workwear






FacebookInstagramSnapchatHelp & InformationHelpTrack orderDelivery & returnsASOS Premier10% Student DiscountSitemapAbout ASOSAbout usCareers at ASOSCorporate responsibilityInvestors' siteCyber SecurityMore From ASOSMobile and ASOS appsGift vouchersCorporate gift vouchersBlack FridayASOS x Thrift+Refer A FriendInfo for PartnersDiscover the ASOS Credit CardShopping from:You're inChangeSome of our international sites:© 2025 ASOSPrivacy & CookiesTs&CsAccessibility; SHOP by productTop Rated ClothingBestsellersNew inTopsDressesJumpers & CardigansCoats & JacketsCurve & Plus SizeJeansSkirtsLingerie & NightwearTrousers & LeggingsActivewearBlazersBlousesClothing RentalCo-ordsHoodies & SweatshirtsJumpsuits & PlaysuitsLast chance to buyLoungewearMaternityMultipacksPetitePremiumShirtsShortsSocks & TightsSuits & TailoringSwimwear & BeachwearT-Shirts & VestsTallWaistcoatsSHOP BY BODY FITCurve & Plus SizeMaternityPetiteTallHourglassFuller BustSHOP BY EDITWeddingSpring stylesOccasionwearBasicsModest fashionHoliday; SHOP by productTop Rated ClothingBestsellersNew inTopsDressesJumpers & CardigansCoats & JacketsCurve & Plus SizeJeansSkirtsLingerie & NightwearTrousers & LeggingsActivewearBlazersBlousesClothing RentalCo-ordsHoodies & SweatshirtsJumpsuits & PlaysuitsLast chance to buyLoungewearMaternityMultipacksPetitePremiumShirtsShortsSocks & TightsSuits & TailoringSwimwear & BeachwearT-Shirts & VestsTallWaistcoats; SHOP BY BODY FITCurve & Plus SizeMaternityPetiteTallHourglassFuller Bust; SHOP BY EDITWeddingSpring stylesOccasionwearBasicsModest fashionHoliday; SHOP BY PRODUCTTop Rated ShoesView allNew inTrainersHeelsBootsBallet PumpsFlat ShoesHeeled SandalsFlat SandalsRunning TrainersWide FitSlippersSHOP BY BRANDASOS DESIGNadidasDr MartensCrocsNikeSEQWLSHOP BY TRAINER STYLEadidas Originals Spezialadidas Originals Campusadidas Originals Gazelleadidas Originals Sambaadidas Originals SL 72Converse Chuck TaylorNew Balance 530New Balance 9060Nike V2K RunPuma PalermoDesktop CTAsWhite trainersKnee high bootsRetro Trainers; SHOP BY PRODUCTTop Rated ShoesView allNew inTrainersHeelsBootsBallet PumpsFlat ShoesHeeled SandalsFlat SandalsRunning TrainersWide FitSlippers; SHOP BY BRANDASOS DESIGNadidasDr MartensCrocsNikeSEQWL; SHOP BY TRAINER STYLEadidas Originals Spezialadidas Originals Campusadidas Originals Gazelleadidas Originals Sambaadidas Originals SL 72Converse Chuck TaylorNew Balance 530New Balance 9060Nike V2K RunPuma Palermo; Shop by typeThe Dresses DestinationSelling fastView allNew inDay dressesSpring dressesWedding dressesWedding guest dressesBridesmaid dressesOccasion dressesEvening dressesMini dressesMidi dressesMaxi dressesDress RentalTrending nowJumper dressesHoliday dressesWhite dressesBlack dressesDenim dressesYellow dressesShop by body fitCurve & Plus SizeMaternityPetiteTallCTA x 3ASOS DESIGNASOS EDITIONTOPSHOP; Shop by typeThe Dresses DestinationSelling fastView allNew inDay dressesSpring dressesWedding dressesWedding guest dressesBridesmaid dressesOccasion dressesEvening dressesMini dressesMidi dressesMaxi dressesDress Rental; Shop by body fitCurve & Plus SizeMaternityPetiteTall; SHOP BY PRODUCTView allNew inGiftsSelling FastHair AccessoriesSocks & TightsGlovesScarvesHatsWatchesBeltsCapsSunglassesSHOP BY BAGSView allCross Body BagsTote BagsTravel BagsShoulder BagsClutchesSHOP BY JEWELLERYView allEarringsNecklacesRingsBraceletsPlated & Sterling JewellerySHOP BY EDITWinter accessories; SHOP BY PRODUCTView allNew inGiftsSelling FastHair AccessoriesSocks & TightsGlovesScarvesHatsWatchesBeltsCapsSunglasses; SHOP BY BAGSView allCross Body BagsTote BagsTravel BagsShoulder BagsClutches; SHOP BY JEWELLERYView allEarringsNecklacesRingsBraceletsPlated & Sterling Jewellery; SHOP BY EDITWinter accessories; Shop by productWedding DressesBridesmaid DressesWedding ShoesAccessoriesBridal LingerieBeautyShop by shadeGreen DressesPink DressesBlue DressesYellow DressesDesktop CTAThe Wedding ShopShop by editBridal OutfitsWedding Guest DressesHen Do Outfits; Shop by productWedding DressesBridesmaid DressesWedding ShoesAccessoriesBridal LingerieBeauty; Shop by shadeGreen DressesPink DressesBlue DressesYellow Dresses; Desktop CTAThe Wedding Shop; Shop by editBridal OutfitsWedding Guest DressesHen Do Outfits; Shop By ProductTop Rated Face + BodyUp to 40% off Face + Body brandsSelling FastView allNew inGiftsScent DiscoveryFragrancesMakeupSkin careHair careMinisBody careSuncare & TanningWellnessShop By BrandArketCharlotte TilburyCliniqueghdHuda BeautyINNISFREEKylie CosmeticsLaneigeMACMaybellineRevolution SkincareSol de JaneiroThe OrdinaryWella ProfessionalsA-Z of brandsTrending Now24/7 WellnessLove LooksSocial StarsHead HealthCTAs x3Discover Face + BodyDr. Jart+Premium beauty; Shop By ProductTop Rated Face + BodyUp to 40% off Face + Body brandsSelling FastView allNew inGiftsScent DiscoveryFragrancesMakeupSkin careHair careMinisBody careSuncare & TanningWellness; Shop By BrandArketCharlotte TilburyCliniqueghdHuda BeautyINNISFREEKylie CosmeticsLaneigeMACMaybellineRevolution SkincareSol de JaneiroThe OrdinaryWella ProfessionalsA-Z of brands; Discover brandsNew InOutdoorStreetwearTrainersFace + BodyEmerging Brands; Shop by ProductView allNew InTrainersTopsLeggingsSports brasJacketsHoodies & SweatshirtsShortsAccessoriesShop by activitySki & SnowboardGym & TrainingRunningOutdoorsYoga & PilatesShop by editRun ClubStudioShop by brand4505TALA; Shop by ProductView allNew InTrainersTopsLeggingsSports brasJacketsHoodies & SweatshirtsShortsAccessories; Shop by activitySki & SnowboardGym & TrainingRunningOutdoorsYoga & Pilates; Shop by editRun ClubStudio; Shop by brand4505TALA; SHOP BY PRODUCTNew inView allBestsellersDressesJeansTailoringDenimCoats & JacketsKnitwearTopsTrousersCo-ordsSkirtsShoesAccessoriesJewellerySwimwearTallPetiteCurveCTASDISCOVER TOPSHOPDressesCTASTopsCoats & jackets; SHOP BY PRODUCTNew inView allBestsellersDressesJeansTailoringDenimCoats & JacketsKnitwearTopsTrousersCo-ordsSkirtsShoesAccessoriesJewellerySwimwearTallPetiteCurve; Shop by vintage productSALE VintageView allNew inDressesTopsSkirtsJumpers & CardigansHoodies & SweatshirtsCoats & JacketsJeansTrousers & ShortsShop Vintage Boutique28 VintageOld but Gold VintageAtlas VintageMessina HembryRemassChristie's CupboardAll VintageShop VintageLayeringCold Weather; Shop by vintage productSALE VintageView allNew inDressesTopsSkirtsJumpers & CardigansHoodies & SweatshirtsCoats & JacketsJeansTrousers & Shorts; Shop Vintage Boutique28 VintageOld but Gold VintageAtlas VintageMessina HembryRemassChristie's Cupboard; SHOP BY PRODUCTTop Rated ClothingBestsellersNew inT-Shirts & VestsHoodies & SweatshirtsJackets & CoatsJumpers & CardigansJeansShirtsTrousers & ChinosLoungewearUnderwearActivewearCargo TrousersCo-ordsJoggersLast chance to buyMultipacksPlus SizePolo shirtsPremiumShortsSocksSuits & TailoringSwimwearTallTracksuitsSHOP BY BODY FITPlus SizeTallSHOP BY EDITSpring stylesHolidayBasicsOccasionwearJersey co-ordsWedding; SHOP BY PRODUCTTop Rated ClothingBestsellersNew inT-Shirts & VestsHoodies & SweatshirtsJackets & CoatsJumpers & CardigansJeansShirtsTrousers & ChinosLoungewearUnderwearActivewearCargo TrousersCo-ordsJoggersLast chance to buyMultipacksPlus SizePolo shirtsPremiumShortsSocksSuits & TailoringSwimwearTallTracksuits; SHOP BY BODY FITPlus SizeTall; SHOP BY EDITSpring stylesHolidayBasicsOccasionwearJersey co-ordsWedding; SHOP BY PRODUCTTop Rated ShoesView allNew inTrainersBootsLoafersSlippersSmart shoesSandalsRunning TrainersSHOP BY BRANDASOS DESIGNNew BalanceNikeadidasCrocsDr MartensSHOP BY TRAINER STYLEadidas Originals Spezialadidas Originals Campusadidas Originals Sambaadidas Originals SL 72New Balance 1906Nike Air Zoom VomeroON CloudnovaConverse Chuck TaylorReebok Club ClassicVans Old SkoolDesktop CTAsBlack trainersChelsea bootsRetro Trainers; SHOP BY PRODUCTTop Rated ShoesView allNew inTrainersBootsLoafersSlippersSmart shoesSandalsRunning Trainers; SHOP BY BRANDASOS DESIGNNew BalanceNikeadidasCrocsDr Martens; SHOP BY TRAINER STYLEadidas Originals Spezialadidas Originals Campusadidas Originals Sambaadidas Originals SL 72New Balance 1906Nike Air Zoom VomeroON CloudnovaConverse Chuck TaylorReebok Club ClassicVans Old Skool; SHOP BY PRODUCTView allNew inBeltsGiftsSelling FastGlovesWatchesBeaniesScarvesTiesSocksCaps & HatsSunglassesSHOP BY JEWELLERYView allNecklacesRingsBraceletsEarringsStainless SteelSHOP BY BAGSView allWalletsBackpacksDuffle bagsBum bagsShopper bagsCTA1Winter accessories; SHOP BY PRODUCTView allNew inBeltsGiftsSelling FastGlovesWatchesBeaniesScarvesTiesSocksCaps & HatsSunglasses; SHOP BY JEWELLERYView allNecklacesRingsBraceletsEarringsStainless Steel; SHOP BY BAGSView allWalletsBackpacksDuffle bagsBum bagsShopper bags; Discover brandsNew InPremium BrandsOutdoorStreetwearTrainersEmerging Brands; Shop by ProductView allNew InTrainersTopsJoggersShortsJacketsHoodies & SweatshirtsTrousers & TightsAccessoriesShop by activitySki & SnowboardGym & TrainingRunningOutdoorsFootballShop by editRun ClubTrainShop by brand4505Nike; Shop by ProductView allNew InTrainersTopsJoggersShortsJacketsHoodies & SweatshirtsTrousers & TightsAccessories; Shop by activitySki & SnowboardGym & TrainingRunningOutdoorsFootball; Shop by editRun ClubTrain; Shop by brand4505Nike; SHOP BY PRODUCTView AllNew InBlazers & Suit JacketsSmart ShirtsWaistcoatsSuit TrousersShop by styleThree Piece SuitsDouble Breasted SuitsOversized SuitsWool & Tweed SuitsSlim Fit SuitsSkinny Fit SuitsSHOP OCCASIONWEARView AllWeddingTuxedo & Black TieWorkwearCTADiscover our suits; SHOP BY PRODUCTView AllNew InBlazers & Suit JacketsSmart ShirtsWaistcoatsSuit Trousers; Shop by styleThree Piece SuitsDouble Breasted SuitsOversized SuitsWool & Tweed SuitsSlim Fit SuitsSkinny Fit Suits; SHOP OCCASIONWEARView AllWeddingTuxedo & Black TieWorkwear; SHOP BY PRODUCTTop Rated Face + BodyUp to 30% off Face + Body brandsNew inView allBody careFragrancesGiftsHair careMakeupShaving & GroomingSkin careSuncare & TanningTools & AccessoriesShop By BrandBulldogCeraVeCliniqueHugo BossL’Oreal Men ExpertLab SeriesMalin + Goetz Murdock LondonRevolution SkincareThe OrdinaryTommy HilfigerA-Z of brandsCTAs (Left)Skin careHair careCTAs (Right)Shaving & GroomingFragrances; SHOP BY PRODUCTTop Rated Face + BodyUp to 30% off Face + Body brandsNew inView allBody careFragrancesGiftsHair careMakeupShaving & GroomingSkin careSuncare & TanningTools & Accessories; Shop By BrandBulldogCeraVeCliniqueHugo BossL’Oreal Men ExpertLab SeriesMalin + Goetz Murdock LondonRevolution SkincareThe OrdinaryTommy HilfigerA-Z of brands; SHOP BY PRODUCTView allNew inHoodies & SweatsJackets & CoatsJeansJoggersJumpers & CardigansMultipacksShirtsShortsSuits & TailoringSwimwearT-Shirts & VestsTrousers & ChinosUnderwear & LoungewearCTASDISCOVER TOPMANKnitwearCTASJackets & CoatsDenim; SHOP BY PRODUCTView allNew inHoodies & SweatsJackets & CoatsJeansJoggersJumpers & CardigansMultipacksShirtsShortsSuits & TailoringSwimwearT-Shirts & VestsTrousers & ChinosUnderwear & Loungewear; Shop by Vintage ProductSALE VintageView allNew inJeansHoodies & SweatshirtsShirtsTrousers & ShortsT-ShirtsJumpers & CardigansCoats & JacketsShop by boutique28 VintageOld but Gold VintageMessina HembryAtlas VintageStaxstoreBread and ButterDISCOVERShop All VintageCTAs Desktop 2Cold Weather; Shop by Vintage ProductSALE VintageView allNew inJeansHoodies & SweatshirtsShirtsTrousers & ShortsT-ShirtsJumpers & CardigansCoats & Jackets; Shop by boutique28 VintageOld but Gold VintageMessina HembryAtlas VintageStaxstoreBread and Butter; SHOP WOMENS
SHOP MENS","None","None","Join; Last chance to buy; The Wedding Shop; Discover Face + Body; DISCOVER TOPSHOP; Shop Vintage; Discover our suits; DISCOVER TOPMAN; Shop All Vintage; SHOP WOMENS; SHOP MENS; SHOP WOMEN'SBRANDS; SHOP MEN'SBRANDS; Track order; Discover the ASOS Credit Card; SHOP by product; SHOP BY BODY FIT; SHOP BY EDIT; SHOP BY PRODUCT; SHOP BY BRAND; SHOP BY TRAINER STYLE; Shop by type; Shop by body fit; SHOP BY BAGS; SHOP BY JEWELLERY; Shop by product; Shop by shade; Shop by edit; Shop By Product; Shop By Brand; Discover brands; Shop by Product; Shop by activity; Shop by brand; Shop by vintage product; Shop Vintage Boutique; Shop by style; SHOP OCCASIONWEAR; Shop by Vintage Product; Shop by boutique; DISCOVER; Skip to main contentyour browser is not supportedTo use ASOS, we recommend using the latest versions of Chrome, Firefox, Safari or EdgeHelp & FAQsWOMENMENSearch for items and brandsSearchSign InJoinMy AccountMy OrdersReturns InformationContact PreferencesNew inNEW PRODUCTSView allClothingShoesNew in: TodayNew In: Selling FastDressesTopsSwimwearCoats & JacketsJumpers & CardigansJeans & TrousersFace + BodyAccessoriesActivewearLingerie & NightwearJeans FitsView allBarrelStraightFlareWide LegMomYour Most HypedView AllTopsDressesKnits & SweatsSkirtsRestocking soonNEW EDITSNew SeasonVejaClothingSHOP by productTop Rated ClothingBestsellersNew inTopsDressesJumpers & CardigansCoats & JacketsCurve & Plus SizeJeansSkirtsLingerie & NightwearTrousers & LeggingsActivewearBlazersBlousesClothing RentalCo-ordsHoodies & SweatshirtsJumpsuits & PlaysuitsLast chance to buyLoungewearMaternityMultipacksPetitePremiumShirtsShortsSocks & TightsSuits & TailoringSwimwear & BeachwearT-Shirts & VestsTallWaistcoatsSHOP BY BODY FITCurve & Plus SizeMaternityPetiteTallHourglassFuller BustSHOP BY EDITWeddingSpring stylesOccasionwearBasicsModest fashionHolidayTrendingTop-searched favesBurgundyWinter sunWesternCow print & mochaOn-duty stylesNew seasonNew SeasonDenimDenim BrandsSpring PreviewSpring PreviewShoesSHOP BY PRODUCTTop Rated ShoesView allNew inTrainersHeelsBootsBallet PumpsFlat ShoesHeeled SandalsFlat SandalsRunning TrainersWide FitSlippersSHOP BY BRANDASOS DESIGNadidasDr MartensCrocsNikeSEQWLSHOP BY TRAINER STYLEadidas Originals Spezialadidas Originals Campusadidas Originals Gazelleadidas Originals Sambaadidas Originals SL 72Converse Chuck TaylorNew Balance 530New Balance 9060Nike V2K RunPuma PalermoDesktop CTAsWhite trainersKnee high bootsRetro TrainersDressesShop by typeThe Dresses DestinationSelling fastView allNew inDay dressesSpring dressesWedding dressesWedding guest dressesBridesmaid dressesOccasion dressesEvening dressesMini dressesMidi dressesMaxi dressesDress RentalTrending nowJumper dressesHoliday dressesWhite dressesBlack dressesDenim dressesYellow dressesShop by body fitCurve & Plus SizeMaternityPetiteTallCTA x 3ASOS DESIGNASOS EDITIONTOPSHOPAccessoriesSHOP BY PRODUCTView allNew inGiftsSelling FastHair AccessoriesSocks & TightsGlovesScarvesHatsWatchesBeltsCapsSunglassesSHOP BY BAGSView allCross Body BagsTote BagsTravel BagsShoulder BagsClutchesSHOP BY JEWELLERYView allEarringsNecklacesRingsBraceletsPlated & Sterling JewellerySHOP BY EDITWinter accessoriesWeddingShop by productWedding DressesBridesmaid DressesWedding ShoesAccessoriesBridal LingerieBeautyShop by shadeGreen DressesPink DressesBlue DressesYellow DressesDesktop CTAThe Wedding ShopShop by editBridal OutfitsWedding Guest DressesHen Do OutfitsFace + BodyShop By ProductTop Rated Face + BodyUp to 40% off Face + Body brandsSelling FastView allNew inGiftsScent DiscoveryFragrancesMakeupSkin careHair careMinisBody careSuncare & TanningWellnessShop By BrandArketCharlotte TilburyCliniqueghdHuda BeautyINNISFREEKylie CosmeticsLaneigeMACMaybellineRevolution SkincareSol de JaneiroThe OrdinaryWella ProfessionalsA-Z of brandsTrending Now24/7 WellnessLove LooksSocial StarsHead HealthCTAs x3Discover Face + BodyDr. Jart+Premium beautyBrandsTop BrandsA-Z of brandsBarbouradidasNikeStradivariusMangoDr MartensReclaimed VintageNew BalanceKaiiaPremium BrandsShipped from our Brand PartnersASOS BrandsView allASOS DESIGNASOS Weekend CollectiveASOS EDITIONCOLLUSIONMiss SelfridgeDiscover brandsNew InOutdoorStreetwearTrainersFace + BodyEmerging BrandsFeaturedPrincess PollyKaiiaActivewearShop by ProductView allNew InTrainersTopsLeggingsSports brasJacketsHoodies & SweatshirtsShortsAccessoriesShop by activitySki & SnowboardGym & TrainingRunningOutdoorsYoga & PilatesShop by editRun ClubStudioShop by brand4505TALATopshopSHOP BY PRODUCTNew inView allBestsellersDressesJeansTailoringDenimCoats & JacketsKnitwearTopsTrousersCo-ordsSkirtsShoesAccessoriesJewellerySwimwearTallPetiteCurveCTASDISCOVER TOPSHOPDressesCTASTopsCoats & jacketsVintageShop by vintage productSALE VintageView allNew inDressesTopsSkirtsJumpers & CardigansHoodies & SweatshirtsCoats & JacketsJeansTrousers & ShortsShop Vintage Boutique28 VintageOld but Gold VintageAtlas VintageMessina HembryRemassChristie's CupboardAll VintageShop VintageLayeringCold WeatherCredit CardCreditCreditCreditGot the card already?Sign in to your accountDownload the appGet in touchNew inNEW PRODUCTSView allClothingShoesNew in: TodayNew In: Selling FastT-Shirts & VestsCoats & JacketsHoodies & SweatshirtsJumpersJeans & TrousersAccessoriesUnderwearActivewearJeans FitsView AllWide FitBaggy FitTaperedStraightSkinnyBRAND DROPSASOS DESIGNadidasNew BalanceNikeCarhartt WIPTopmanNEW EDITSPremium brandsElevated essentialsClothingSHOP BY PRODUCTTop Rated ClothingBestsellersNew inT-Shirts & VestsHoodies & SweatshirtsJackets & CoatsJumpers & CardigansJeansShirtsTrousers & ChinosLoungewearUnderwearActivewearCargo TrousersCo-ordsJoggersLast chance to buyMultipacksPlus SizePolo shirtsPremiumShortsSocksSuits & TailoringSwimwearTallTracksuitsSHOP BY BODY FITPlus SizeTallSHOP BY EDITSpring stylesHolidayBasicsOccasionwearJersey co-ordsWeddingTrendingTop-searched favesGraphic teesBurgundyWinter sunChecksWorkwearNew seasonNew SeasonDenimDenim BrandsSpring PreviewSpring PreviewShoesSHOP BY PRODUCTTop Rated ShoesView allNew inTrainersBootsLoafersSlippersSmart shoesSandalsRunning TrainersSHOP BY BRANDASOS DESIGNNew BalanceNikeadidasCrocsDr MartensSHOP BY TRAINER STYLEadidas Originals Spezialadidas Originals Campusadidas Originals Sambaadidas Originals SL 72New Balance 1906Nike Air Zoom VomeroON CloudnovaConverse Chuck TaylorReebok Club ClassicVans Old SkoolDesktop CTAsBlack trainersChelsea bootsRetro TrainersAccessoriesSHOP BY PRODUCTView allNew inBeltsGiftsSelling FastGlovesWatchesBeaniesScarvesTiesSocksCaps & HatsSunglassesSHOP BY JEWELLERYView allNecklacesRingsBraceletsEarringsStainless SteelSHOP BY BAGSView allWalletsBackpacksDuffle bagsBum bagsShopper bagsCTA1Winter accessoriesBrandsTop BrandsA-Z of brandsBarbourBershkaCalvin KleinCarhartt WIPColumbiaNew BalanceNikePolo Ralph LaurenThe North FaceadidasShipped from our Brand partnersASOS BrandsView allASOS DESIGN4505TopmanCOLLUSIONReclaimed VintageDiscover brandsNew InPremium BrandsOutdoorStreetwearTrainersEmerging BrandsFeaturedPremium BrandsARKETActivewearShop by ProductView allNew InTrainersTopsJoggersShortsJacketsHoodies & SweatshirtsTrousers & TightsAccessoriesShop by activitySki & SnowboardGym & TrainingRunningOutdoorsFootballShop by editRun ClubTrainShop by brand4505NikeTailoringSHOP BY PRODUCTView AllNew InBlazers & Suit JacketsSmart ShirtsWaistcoatsSuit TrousersShop by styleThree Piece SuitsDouble Breasted SuitsOversized SuitsWool & Tweed SuitsSlim Fit SuitsSkinny Fit SuitsSHOP OCCASIONWEARView AllWeddingTuxedo & Black TieWorkwearCTADiscover our suitsGroomingSHOP BY PRODUCTTop Rated Face + BodyUp to 30% off Face + Body brandsNew inView allBody careFragrancesGiftsHair careMakeupShaving & GroomingSkin careSuncare & TanningTools & AccessoriesShop By BrandBulldogCeraVeCliniqueHugo BossL’Oreal Men ExpertLab SeriesMalin + Goetz Murdock LondonRevolution SkincareThe OrdinaryTommy HilfigerA-Z of brandsCTAs (Left)Skin careHair careCTAs (Right)Shaving & GroomingFragrancesTopmanSHOP BY PRODUCTView allNew inHoodies & SweatsJackets & CoatsJeansJoggersJumpers & CardigansMultipacksShirtsShortsSuits & TailoringSwimwearT-Shirts & VestsTrousers & ChinosUnderwear & LoungewearCTASDISCOVER TOPMANKnitwearCTASJackets & CoatsDenimVintageShop by Vintage ProductSALE VintageView allNew inJeansHoodies & SweatshirtsShirtsTrousers & ShortsT-ShirtsJumpers & CardigansCoats & JacketsShop by boutique28 VintageOld but Gold VintageMessina HembryAtlas VintageStaxstoreBread and ButterDISCOVERShop All VintageCTAs Desktop 2Cold WeatherCredit CardCreditCreditCreditGot the card already?Sign in to your accountDownload the appGet in touchASOSAvailable in the Play StoreView in AppGet AppX
ASOS

 











 



 




SHOP WOMENS
SHOP MENS

























































 











 



 



























































 






SHOP WOMEN'SBRANDS





 

















































 






SHOP MEN'SBRANDS





 



 











 



 



















 Women's Bags & Purses


 Women's Gifts


 Women's Partywear


 Skirts


 Women's Tops




 Blouses


 Women's Jeans


 Women's Shirts


 Women's Sportswear


 Women's Trousers




 Women's Coats & Jackets


 Women's Jewellery


 Women's Shoes


 Women's Suits


 Women's Watches




 Dresses


 Women's Loungewear


 Women's Shorts


 Women's Swimwear


 Women's Workwear



 



 











 



 



















 Men's Accessories


 Gifts for Men


 Men's Partywear


 Men's Shorts


 Men's Tracksuits




 Men's Bags


 Men's Jeans


 Men's Plus-Size Clothing


 Men's Suits


 Men's Underwear




 Men's Coats & Jackets


 Men's Jewellery


 Men's Polo Shirts


 Men's Swimwear


 Men's Watches




 Men's Co-ords


 Men's Loungewear


 Men's Shirts


 Men's Tall Clothing


 Men's Workwear






FacebookInstagramSnapchatHelp & InformationHelpTrack orderDelivery & returnsASOS Premier10% Student DiscountSitemapAbout ASOSAbout usCareers at ASOSCorporate responsibilityInvestors' siteCyber SecurityMore From ASOSMobile and ASOS appsGift vouchersCorporate gift vouchersBlack FridayASOS x Thrift+Refer A FriendInfo for PartnersDiscover the ASOS Credit CardShopping from:You're inChangeSome of our international sites:© 2025 ASOSPrivacy & CookiesTs&CsAccessibility; SHOP by productTop Rated ClothingBestsellersNew inTopsDressesJumpers & CardigansCoats & JacketsCurve & Plus SizeJeansSkirtsLingerie & NightwearTrousers & LeggingsActivewearBlazersBlousesClothing RentalCo-ordsHoodies & SweatshirtsJumpsuits & PlaysuitsLast chance to buyLoungewearMaternityMultipacksPetitePremiumShirtsShortsSocks & TightsSuits & TailoringSwimwear & BeachwearT-Shirts & VestsTallWaistcoatsSHOP BY BODY FITCurve & Plus SizeMaternityPetiteTallHourglassFuller BustSHOP BY EDITWeddingSpring stylesOccasionwearBasicsModest fashionHoliday; SHOP by productTop Rated ClothingBestsellersNew inTopsDressesJumpers & CardigansCoats & JacketsCurve & Plus SizeJeansSkirtsLingerie & NightwearTrousers & LeggingsActivewearBlazersBlousesClothing RentalCo-ordsHoodies & SweatshirtsJumpsuits & PlaysuitsLast chance to buyLoungewearMaternityMultipacksPetitePremiumShirtsShortsSocks & TightsSuits & TailoringSwimwear & BeachwearT-Shirts & VestsTallWaistcoats; SHOP BY BODY FITCurve & Plus SizeMaternityPetiteTallHourglassFuller Bust; SHOP BY EDITWeddingSpring stylesOccasionwearBasicsModest fashionHoliday; SHOP BY PRODUCTTop Rated ShoesView allNew inTrainersHeelsBootsBallet PumpsFlat ShoesHeeled SandalsFlat SandalsRunning TrainersWide FitSlippersSHOP BY BRANDASOS DESIGNadidasDr MartensCrocsNikeSEQWLSHOP BY TRAINER STYLEadidas Originals Spezialadidas Originals Campusadidas Originals Gazelleadidas Originals Sambaadidas Originals SL 72Converse Chuck TaylorNew Balance 530New Balance 9060Nike V2K RunPuma PalermoDesktop CTAsWhite trainersKnee high bootsRetro Trainers; SHOP BY PRODUCTTop Rated ShoesView allNew inTrainersHeelsBootsBallet PumpsFlat ShoesHeeled SandalsFlat SandalsRunning TrainersWide FitSlippers; SHOP BY BRANDASOS DESIGNadidasDr MartensCrocsNikeSEQWL; SHOP BY TRAINER STYLEadidas Originals Spezialadidas Originals Campusadidas Originals Gazelleadidas Originals Sambaadidas Originals SL 72Converse Chuck TaylorNew Balance 530New Balance 9060Nike V2K RunPuma Palermo; Shop by typeThe Dresses DestinationSelling fastView allNew inDay dressesSpring dressesWedding dressesWedding guest dressesBridesmaid dressesOccasion dressesEvening dressesMini dressesMidi dressesMaxi dressesDress RentalTrending nowJumper dressesHoliday dressesWhite dressesBlack dressesDenim dressesYellow dressesShop by body fitCurve & Plus SizeMaternityPetiteTallCTA x 3ASOS DESIGNASOS EDITIONTOPSHOP; Shop by typeThe Dresses DestinationSelling fastView allNew inDay dressesSpring dressesWedding dressesWedding guest dressesBridesmaid dressesOccasion dressesEvening dressesMini dressesMidi dressesMaxi dressesDress Rental; Shop by body fitCurve & Plus SizeMaternityPetiteTall; SHOP BY PRODUCTView allNew inGiftsSelling FastHair AccessoriesSocks & TightsGlovesScarvesHatsWatchesBeltsCapsSunglassesSHOP BY BAGSView allCross Body BagsTote BagsTravel BagsShoulder BagsClutchesSHOP BY JEWELLERYView allEarringsNecklacesRingsBraceletsPlated & Sterling JewellerySHOP BY EDITWinter accessories; SHOP BY PRODUCTView allNew inGiftsSelling FastHair AccessoriesSocks & TightsGlovesScarvesHatsWatchesBeltsCapsSunglasses; SHOP BY BAGSView allCross Body BagsTote BagsTravel BagsShoulder BagsClutches; SHOP BY JEWELLERYView allEarringsNecklacesRingsBraceletsPlated & Sterling Jewellery; SHOP BY EDITWinter accessories; Shop by productWedding DressesBridesmaid DressesWedding ShoesAccessoriesBridal LingerieBeautyShop by shadeGreen DressesPink DressesBlue DressesYellow DressesDesktop CTAThe Wedding ShopShop by editBridal OutfitsWedding Guest DressesHen Do Outfits; Shop by productWedding DressesBridesmaid DressesWedding ShoesAccessoriesBridal LingerieBeauty; Shop by shadeGreen DressesPink DressesBlue DressesYellow Dresses; Desktop CTAThe Wedding Shop; Shop by editBridal OutfitsWedding Guest DressesHen Do Outfits; Shop By ProductTop Rated Face + BodyUp to 40% off Face + Body brandsSelling FastView allNew inGiftsScent DiscoveryFragrancesMakeupSkin careHair careMinisBody careSuncare & TanningWellnessShop By BrandArketCharlotte TilburyCliniqueghdHuda BeautyINNISFREEKylie CosmeticsLaneigeMACMaybellineRevolution SkincareSol de JaneiroThe OrdinaryWella ProfessionalsA-Z of brandsTrending Now24/7 WellnessLove LooksSocial StarsHead HealthCTAs x3Discover Face + BodyDr. Jart+Premium beauty; Shop By ProductTop Rated Face + BodyUp to 40% off Face + Body brandsSelling FastView allNew inGiftsScent DiscoveryFragrancesMakeupSkin careHair careMinisBody careSuncare & TanningWellness; Shop By BrandArketCharlotte TilburyCliniqueghdHuda BeautyINNISFREEKylie CosmeticsLaneigeMACMaybellineRevolution SkincareSol de JaneiroThe OrdinaryWella ProfessionalsA-Z of brands; Discover brandsNew InOutdoorStreetwearTrainersFace + BodyEmerging Brands; Shop by ProductView allNew InTrainersTopsLeggingsSports brasJacketsHoodies & SweatshirtsShortsAccessoriesShop by activitySki & SnowboardGym & TrainingRunningOutdoorsYoga & PilatesShop by editRun ClubStudioShop by brand4505TALA; Shop by ProductView allNew InTrainersTopsLeggingsSports brasJacketsHoodies & SweatshirtsShortsAccessories; Shop by activitySki & SnowboardGym & TrainingRunningOutdoorsYoga & Pilates; Shop by editRun ClubStudio; Shop by brand4505TALA; SHOP BY PRODUCTNew inView allBestsellersDressesJeansTailoringDenimCoats & JacketsKnitwearTopsTrousersCo-ordsSkirtsShoesAccessoriesJewellerySwimwearTallPetiteCurveCTASDISCOVER TOPSHOPDressesCTASTopsCoats & jackets; SHOP BY PRODUCTNew inView allBestsellersDressesJeansTailoringDenimCoats & JacketsKnitwearTopsTrousersCo-ordsSkirtsShoesAccessoriesJewellerySwimwearTallPetiteCurve; Shop by vintage productSALE VintageView allNew inDressesTopsSkirtsJumpers & CardigansHoodies & SweatshirtsCoats & JacketsJeansTrousers & ShortsShop Vintage Boutique28 VintageOld but Gold VintageAtlas VintageMessina HembryRemassChristie's CupboardAll VintageShop VintageLayeringCold Weather; Shop by vintage productSALE VintageView allNew inDressesTopsSkirtsJumpers & CardigansHoodies & SweatshirtsCoats & JacketsJeansTrousers & Shorts; Shop Vintage Boutique28 VintageOld but Gold VintageAtlas VintageMessina HembryRemassChristie's Cupboard; SHOP BY PRODUCTTop Rated ClothingBestsellersNew inT-Shirts & VestsHoodies & SweatshirtsJackets & CoatsJumpers & CardigansJeansShirtsTrousers & ChinosLoungewearUnderwearActivewearCargo TrousersCo-ordsJoggersLast chance to buyMultipacksPlus SizePolo shirtsPremiumShortsSocksSuits & TailoringSwimwearTallTracksuitsSHOP BY BODY FITPlus SizeTallSHOP BY EDITSpring stylesHolidayBasicsOccasionwearJersey co-ordsWedding; SHOP BY PRODUCTTop Rated ClothingBestsellersNew inT-Shirts & VestsHoodies & SweatshirtsJackets & CoatsJumpers & CardigansJeansShirtsTrousers & ChinosLoungewearUnderwearActivewearCargo TrousersCo-ordsJoggersLast chance to buyMultipacksPlus SizePolo shirtsPremiumShortsSocksSuits & TailoringSwimwearTallTracksuits; SHOP BY BODY FITPlus SizeTall; SHOP BY EDITSpring stylesHolidayBasicsOccasionwearJersey co-ordsWedding; SHOP BY PRODUCTTop Rated ShoesView allNew inTrainersBootsLoafersSlippersSmart shoesSandalsRunning TrainersSHOP BY BRANDASOS DESIGNNew BalanceNikeadidasCrocsDr MartensSHOP BY TRAINER STYLEadidas Originals Spezialadidas Originals Campusadidas Originals Sambaadidas Originals SL 72New Balance 1906Nike Air Zoom VomeroON CloudnovaConverse Chuck TaylorReebok Club ClassicVans Old SkoolDesktop CTAsBlack trainersChelsea bootsRetro Trainers; SHOP BY PRODUCTTop Rated ShoesView allNew inTrainersBootsLoafersSlippersSmart shoesSandalsRunning Trainers; SHOP BY BRANDASOS DESIGNNew BalanceNikeadidasCrocsDr Martens; SHOP BY TRAINER STYLEadidas Originals Spezialadidas Originals Campusadidas Originals Sambaadidas Originals SL 72New Balance 1906Nike Air Zoom VomeroON CloudnovaConverse Chuck TaylorReebok Club ClassicVans Old Skool; SHOP BY PRODUCTView allNew inBeltsGiftsSelling FastGlovesWatchesBeaniesScarvesTiesSocksCaps & HatsSunglassesSHOP BY JEWELLERYView allNecklacesRingsBraceletsEarringsStainless SteelSHOP BY BAGSView allWalletsBackpacksDuffle bagsBum bagsShopper bagsCTA1Winter accessories; SHOP BY PRODUCTView allNew inBeltsGiftsSelling FastGlovesWatchesBeaniesScarvesTiesSocksCaps & HatsSunglasses; SHOP BY JEWELLERYView allNecklacesRingsBraceletsEarringsStainless Steel; SHOP BY BAGSView allWalletsBackpacksDuffle bagsBum bagsShopper bags; Discover brandsNew InPremium BrandsOutdoorStreetwearTrainersEmerging Brands; Shop by ProductView allNew InTrainersTopsJoggersShortsJacketsHoodies & SweatshirtsTrousers & TightsAccessoriesShop by activitySki & SnowboardGym & TrainingRunningOutdoorsFootballShop by editRun ClubTrainShop by brand4505Nike; Shop by ProductView allNew InTrainersTopsJoggersShortsJacketsHoodies & SweatshirtsTrousers & TightsAccessories; Shop by activitySki & SnowboardGym & TrainingRunningOutdoorsFootball; Shop by editRun ClubTrain; Shop by brand4505Nike; SHOP BY PRODUCTView AllNew InBlazers & Suit JacketsSmart ShirtsWaistcoatsSuit TrousersShop by styleThree Piece SuitsDouble Breasted SuitsOversized SuitsWool & Tweed SuitsSlim Fit SuitsSkinny Fit SuitsSHOP OCCASIONWEARView AllWeddingTuxedo & Black TieWorkwearCTADiscover our suits; SHOP BY PRODUCTView AllNew InBlazers & Suit JacketsSmart ShirtsWaistcoatsSuit Trousers; Shop by styleThree Piece SuitsDouble Breasted SuitsOversized SuitsWool & Tweed SuitsSlim Fit SuitsSkinny Fit Suits; SHOP OCCASIONWEARView AllWeddingTuxedo & Black TieWorkwear; SHOP BY PRODUCTTop Rated Face + BodyUp to 30% off Face + Body brandsNew inView allBody careFragrancesGiftsHair careMakeupShaving & GroomingSkin careSuncare & TanningTools & AccessoriesShop By BrandBulldogCeraVeCliniqueHugo BossL’Oreal Men ExpertLab SeriesMalin + Goetz Murdock LondonRevolution SkincareThe OrdinaryTommy HilfigerA-Z of brandsCTAs (Left)Skin careHair careCTAs (Right)Shaving & GroomingFragrances; SHOP BY PRODUCTTop Rated Face + BodyUp to 30% off Face + Body brandsNew inView allBody careFragrancesGiftsHair careMakeupShaving & GroomingSkin careSuncare & TanningTools & Accessories; Shop By BrandBulldogCeraVeCliniqueHugo BossL’Oreal Men ExpertLab SeriesMalin + Goetz Murdock LondonRevolution SkincareThe OrdinaryTommy HilfigerA-Z of brands; SHOP BY PRODUCTView allNew inHoodies & SweatsJackets & CoatsJeansJoggersJumpers & CardigansMultipacksShirtsShortsSuits & TailoringSwimwearT-Shirts & VestsTrousers & ChinosUnderwear & LoungewearCTASDISCOVER TOPMANKnitwearCTASJackets & CoatsDenim; SHOP BY PRODUCTView allNew inHoodies & SweatsJackets & CoatsJeansJoggersJumpers & CardigansMultipacksShirtsShortsSuits & TailoringSwimwearT-Shirts & VestsTrousers & ChinosUnderwear & Loungewear; Shop by Vintage ProductSALE VintageView allNew inJeansHoodies & SweatshirtsShirtsTrousers & ShortsT-ShirtsJumpers & CardigansCoats & JacketsShop by boutique28 VintageOld but Gold VintageMessina HembryAtlas VintageStaxstoreBread and ButterDISCOVERShop All VintageCTAs Desktop 2Cold Weather; Shop by Vintage ProductSALE VintageView allNew inJeansHoodies & SweatshirtsShirtsTrousers & ShortsT-ShirtsJumpers & CardigansCoats & Jackets; Shop by boutique28 VintageOld but Gold VintageMessina HembryAtlas VintageStaxstoreBread and Butter; SHOP WOMENS
SHOP MENS","108"
"https://www.forever21.com/","Error","Error","Error","Error","0"
"https://www.nordstrom.com/?srsltid=AfmBOopN3HkN3TQyFMgKu3ApTqtcSRWBFG5NU9GEjgwdTaj4EgiaAONw","None","None","None","None","0"
"https://www.walmart.com/","None","None","None","None","0"
"https://www.bestbuy.com/","Hello!
Choose a country.



Canada



United States



Shopping in the U.S.?

              International customers can shop on www.bestbuy.com and have orders shipped to any U.S. address or U.S. store. 
              See More Details
                





Bonjour!
Choisir un pays :



Canada



United States



Vous magasinez aux Ã.-U.?

              Les clients internationaux peuvent magasiner au www.bestbuy.com et faire livrer leurs commandes Ã  nâimporte quelle adresse ou nâimporte quel magasin aux Ãtats-Unis. 
              Voir les dÃ©tails
                





Â¡Hola!
Seleciona un paÃ­s.



Canada



Estados Unidos



Â¿COMPRANDO EN EE. UU.?

              Clientes internacionales pueden comparer en www.bestbuy.com y enviar sus pedidos a cualquier domicilio o tienda en EE. UU. 
              Ver mÃ¡s detalles; Hello!
Choose a country.



Canada



United States



Shopping in the U.S.?

              International customers can shop on www.bestbuy.com and have orders shipped to any U.S. address or U.S. store. 
              See More Details","None","None","Hello!
Choose a country.



Canada



United States



Shopping in the U.S.?

              International customers can shop on www.bestbuy.com and have orders shipped to any U.S. address or U.S. store. 
              See More Details
                





Bonjour!
Choisir un pays :



Canada



United States



Vous magasinez aux Ã.-U.?

              Les clients internationaux peuvent magasiner au www.bestbuy.com et faire livrer leurs commandes Ã  nâimporte quelle adresse ou nâimporte quel magasin aux Ãtats-Unis. 
              Voir les dÃ©tails
                





Â¡Hola!
Seleciona un paÃ­s.



Canada



Estados Unidos



Â¿COMPRANDO EN EE. UU.?

              Clientes internacionales pueden comparer en www.bestbuy.com y enviar sus pedidos a cualquier domicilio o tienda en EE. UU. 
              Ver mÃ¡s detalles; Hello!
Choose a country.



Canada



United States



Shopping in the U.S.?

              International customers can shop on www.bestbuy.com and have orders shipped to any U.S. address or U.S. store. 
              See More Details","2"
